trial,seed,window_size,learning_rate,batch_size,dropout,d_model,n_heads,n_layers,dim_ff,max_lag,rmse_mean,rmse_std
0,42,8,0.0002051338263087451,16,0.4,64,2,1,256,5,0.42465888494172005,0.08908558920116488
1,42,8,0.0005404103854647331,32,0.0,64,2,4,64,2,0.433580534444098,0.10722883371573694
2,42,4,0.00011715937392307068,16,0.30000000000000004,128,4,4,256,2,0.42623504246349087,0.08215068641449175
3,42,16,0.00034889766548903674,16,0.1,128,4,1,128,7,0.4481591069913092,0.1092405739961865
4,42,4,0.005323617594751502,16,0.0,128,4,1,128,7,0.4651278435424262,0.07551887326429124
5,42,8,0.00016435497475111326,32,0.1,64,4,1,256,7,0.4440410536249493,0.1276947880694332
6,42,8,0.006097025297491433,32,0.4,32,8,1,64,2,0.4219230665355577,0.0962667413682851
7,42,8,0.0025470526233391183,32,0.4,64,8,3,256,3,0.455925333449754,0.09591048107948093
8,42,12,0.0022093834415066287,16,0.30000000000000004,128,8,2,256,6,0.47681835257246946,0.08795523698330783
9,42,16,0.00022321987366901572,16,0.4,64,2,3,64,3,0.4198746130039334,0.1091766885814633
10,42,16,0.0008844120332118486,16,0.2,32,2,3,64,4,0.4317626499773028,0.13227614166906293
11,42,16,0.008611382274356353,32,0.4,32,8,2,64,3,0.42071763964832504,0.12021749248486031
12,42,16,0.001957550079907452,32,0.30000000000000004,32,8,2,64,4,0.424477016006809,0.11706730192597081
13,42,16,0.009244113577377314,32,0.4,32,2,3,64,4,0.44024498936664164,0.1421939617105179
14,42,16,0.000973838962225167,32,0.30000000000000004,64,8,2,64,3,0.41686283436690713,0.1094441522353497
15,42,12,0.0004719379380299789,16,0.2,64,2,3,64,3,0.4503157588156818,0.11160869747329827
16,42,16,0.0010335240648320424,32,0.30000000000000004,64,2,2,64,5,0.40669310624812544,0.10533530661039739
17,42,16,0.0014857182261913736,32,0.30000000000000004,64,8,2,128,5,0.4255352467761269,0.10616058261965124
18,42,16,0.0009365835212584874,32,0.2,64,8,2,64,8,0.41778413193870906,0.10836141147480399
19,42,4,0.0036212324598248868,32,0.2,64,2,2,64,6,0.44035732605127365,0.11295290871588119
20,42,12,0.0011968026831389194,32,0.30000000000000004,64,8,2,128,6,0.414845442828845,0.09815460336635054
21,42,12,0.001196153369389097,32,0.30000000000000004,64,8,2,128,6,0.4184561813588877,0.10101834534223174
22,42,12,0.0006582286998957471,32,0.30000000000000004,64,8,2,128,5,0.41793990050903185,0.11218980301779062
23,42,12,0.0014717613731196168,32,0.30000000000000004,64,8,2,128,5,0.4254379181696675,0.10224226912829913
24,42,12,0.0007742073473309193,32,0.1,64,8,3,128,8,0.42657066297258944,0.11782198614267886
25,42,16,0.0003891532569439433,32,0.30000000000000004,64,2,2,64,6,0.41418280396548135,0.11274412295627875
26,42,16,0.0003396181782067003,32,0.2,64,2,1,128,6,0.4192994275601451,0.11721554958006151
27,42,12,0.00034458577729997765,32,0.30000000000000004,64,2,2,64,7,0.4211892659082281,0.11888820211151009
28,42,4,0.0004712336198584945,32,0.2,128,2,3,64,6,0.42540125298377035,0.09802835003832532
29,42,16,0.00020595093280201707,32,0.30000000000000004,64,2,1,128,5,0.4239617167068193,0.11585929765260003
0,42,8,0.0002051338263087451,16,0.4,64,2,1,256,5,0.42465888494172005,0.08908558920116488
1,42,8,0.0005404103854647331,32,0.0,64,2,4,64,2,0.433580534444098,0.10722883371573694
2,42,4,0.00011715937392307068,16,0.30000000000000004,128,4,4,256,2,0.42623504246349087,0.08215068641449175
3,42,16,0.00034889766548903674,16,0.1,128,4,1,128,7,0.4481591069913092,0.1092405739961865
4,42,4,0.005323617594751502,16,0.0,128,4,1,128,7,0.4651278435424262,0.07551887326429124
5,42,8,0.00016435497475111326,32,0.1,64,4,1,256,7,0.4440410536249493,0.1276947880694332
6,42,8,0.006097025297491433,32,0.4,32,8,1,64,2,0.4219230665355577,0.0962667413682851
7,42,8,0.0025470526233391183,32,0.4,64,8,3,256,3,0.455925333449754,0.09591048107948093
8,42,12,0.0022093834415066287,16,0.30000000000000004,128,8,2,256,6,0.47681835257246946,0.08795523698330783
9,42,16,0.00022321987366901572,16,0.4,64,2,3,64,3,0.4198746130039334,0.1091766885814633
10,42,16,0.0008844120332118486,16,0.2,32,2,3,64,4,0.4317626499773028,0.13227614166906293
11,42,16,0.008611382274356353,32,0.4,32,8,2,64,3,0.42071763964832504,0.12021749248486031
12,42,16,0.001957550079907452,32,0.30000000000000004,32,8,2,64,4,0.424477016006809,0.11706730192597081
13,42,16,0.009244113577377314,32,0.4,32,2,3,64,4,0.44024498936664164,0.1421939617105179
14,42,16,0.000973838962225167,32,0.30000000000000004,64,8,2,64,3,0.41686283436690713,0.1094441522353497
15,42,12,0.0004719379380299789,16,0.2,64,2,3,64,3,0.4503157588156818,0.11160869747329827
16,42,16,0.0010335240648320424,32,0.30000000000000004,64,2,2,64,5,0.40669310624812544,0.10533530661039739
17,42,16,0.0014857182261913736,32,0.30000000000000004,64,8,2,128,5,0.4255352467761269,0.10616058261965124
18,42,16,0.0009365835212584874,32,0.2,64,8,2,64,8,0.41778413193870906,0.10836141147480399
19,42,4,0.0036212324598248868,32,0.2,64,2,2,64,6,0.44035732605127365,0.11295290871588119
20,42,12,0.0011968026831389194,32,0.30000000000000004,64,8,2,128,6,0.414845442828845,0.09815460336635054
21,42,12,0.001196153369389097,32,0.30000000000000004,64,8,2,128,6,0.4184561813588877,0.10101834534223174
22,42,12,0.0006582286998957471,32,0.30000000000000004,64,8,2,128,5,0.41793990050903185,0.11218980301779062
23,42,12,0.0014717613731196168,32,0.30000000000000004,64,8,2,128,5,0.4254379181696675,0.10224226912829913
24,42,12,0.0007742073473309193,32,0.1,64,8,3,128,8,0.42657066297258944,0.11782198614267886
25,42,16,0.0003891532569439433,32,0.30000000000000004,64,2,2,64,6,0.41418280396548135,0.11274412295627875
26,42,16,0.0003396181782067003,32,0.2,64,2,1,128,6,0.4192994275601451,0.11721554958006151
27,42,12,0.00034458577729997765,32,0.30000000000000004,64,2,2,64,7,0.4211892659082281,0.11888820211151009
28,42,4,0.0004712336198584945,32,0.2,128,2,3,64,6,0.42540125298377035,0.09802835003832532
29,42,16,0.00020595093280201707,32,0.30000000000000004,64,2,1,128,5,0.4239617167068193,0.11585929765260003
0,123,4,0.0027475015086811214,32,0.30000000000000004,32,2,2,64,5,0.4275800376546551,0.09611815710033945
1,123,12,0.0016674277362987882,16,0.1,128,4,2,256,8,0.4519115369701732,0.08183663842506998
2,123,4,0.00043109299276821524,32,0.1,64,8,3,64,4,0.42983212775169877,0.1020363126672179
3,123,8,0.0014855015357486878,32,0.4,64,4,4,128,6,0.4389475789075043,0.10607855163880076
4,123,16,0.0004340430961502546,16,0.1,32,8,3,64,6,0.4287863927439106,0.12904444197790677
5,123,4,0.00048630868766759677,32,0.0,128,8,2,128,7,0.4473633281832887,0.10879089120622658
6,123,12,0.00010124559317316255,16,0.1,128,2,4,128,6,0.46303144707468125,0.11922215391206237
7,123,8,0.00025649902528062084,32,0.0,64,4,1,128,7,0.4411010171163632,0.12642076609356265
8,123,12,0.002136706630089905,16,0.2,64,8,2,64,7,0.4845497727966727,0.1429505038509517
9,123,16,0.0001808266326782649,32,0.1,64,4,4,256,6,0.43260857567899835,0.1378722101751948
10,123,4,0.009803377414327042,32,0.4,32,2,1,64,2,0.4381449298546194,0.09291590203193448
11,123,16,0.005880232355180569,16,0.30000000000000004,32,2,3,64,4,0.45734378991095204,0.1273291111268909
12,123,16,0.0042291126160991935,16,0.30000000000000004,32,8,3,64,4,0.5188660589957114,0.21702202947438168
13,123,4,0.0007450391972630799,16,0.2,32,2,2,64,5,0.43326574162464676,0.10636435960199565
14,123,16,0.003010849641778899,32,0.30000000000000004,32,8,3,64,2,0.42105260268984274,0.10471856383669334
15,123,16,0.0030755858131280922,32,0.30000000000000004,32,2,1,64,2,0.41096747323266314,0.10777292191803918
16,123,16,0.003513062655941717,32,0.30000000000000004,32,2,1,256,2,0.4171606603161487,0.10731551147798467
17,123,16,0.0059118127026734375,32,0.2,32,2,1,256,3,0.40953733205298654,0.10717221058627346
18,123,16,0.006039405859269113,32,0.2,32,2,1,256,3,0.4192767087523687,0.11153684018132802
19,123,16,0.00110161671464615,32,0.4,32,2,1,256,3,0.4166954744040629,0.10065763475590368
20,123,8,0.009700055577072809,32,0.2,128,2,1,256,3,0.5997469119133706,0.24698487684253362
21,123,16,0.001089254093163393,32,0.4,32,2,1,256,3,0.42044723870730777,0.10674685132352839
22,123,16,0.005355567315132677,32,0.4,32,2,1,256,3,0.41852522628103017,0.11100386471453118
23,123,16,0.0009817809841311024,32,0.4,32,2,1,256,2,0.41941601351456165,0.10910259107031653
24,123,16,0.0020603837194376694,32,0.30000000000000004,32,2,2,256,3,0.41646955549035897,0.10558776527341691
25,123,16,0.002183857253262235,32,0.2,32,2,2,256,4,0.41953674002535807,0.10718021069931176
26,123,16,0.00425951927142118,32,0.30000000000000004,32,2,2,256,2,0.4227874113946079,0.09731843887810082
27,123,16,0.0021602847244552147,32,0.30000000000000004,32,2,2,256,3,0.4250536654291412,0.10275004896880943
28,123,12,0.007421022893024325,32,0.2,32,2,1,128,4,0.42345192183489805,0.12371613360037731
29,123,8,0.0028998254575276967,32,0.30000000000000004,128,2,2,256,2,0.4724168082090973,0.1194175085890296
0,2024,8,0.00025706201341357387,32,0.30000000000000004,32,8,3,64,6,0.46389180508658656,0.12280942549530471
1,2024,16,0.00031881193670220257,32,0.30000000000000004,32,4,2,64,7,0.4498215610473945,0.1401483221313217
2,2024,12,0.001559069134900931,32,0.1,64,2,3,64,8,0.4313387598692799,0.11633432625557746
3,2024,12,0.00042243152271475334,32,0.30000000000000004,128,2,4,128,6,0.419407412492295,0.11457404945091766
4,2024,12,0.0009982634551351653,32,0.0,32,4,2,128,3,0.42446190421823643,0.12103979011666771
5,2024,8,0.0002220581107651727,32,0.4,32,8,1,256,2,0.47114810438840915,0.1186488721189862
6,2024,4,0.00038045880544699596,32,0.4,64,8,2,256,3,0.4284755105931031,0.08839605072801276
7,2024,12,0.0002453709732681226,16,0.4,64,4,2,64,8,0.42754165932611016,0.11799465836236081
8,2024,8,0.0006570182478040018,32,0.2,64,8,3,64,4,0.4305681230666773,0.11133751270196032
9,2024,12,0.007659026455399053,32,0.30000000000000004,128,8,1,256,7,0.5262814950807513,0.22414630719109377
10,2024,16,0.0028401512917545467,16,0.2,128,2,4,128,5,0.4700263634364174,0.14454318308519784
11,2024,12,0.0010156639427543529,16,0.0,128,4,4,128,4,0.45662246582688626,0.07520198052143735
12,2024,12,0.00010464397128667545,32,0.0,128,2,4,128,2,0.43647539019623127,0.13781430475001274
13,2024,4,0.003240920950308501,32,0.1,32,2,2,128,5,0.431218673076309,0.10314729576146756
14,2024,12,0.0007545038615591888,16,0.1,128,4,3,128,4,0.4514717983490293,0.09731908646821465
15,2024,12,0.0020998222049571167,32,0.2,32,2,1,128,6,0.41779574717940343,0.10763761033518177
16,2024,12,0.0020296981295133535,32,0.2,32,2,1,128,6,0.4228446807250746,0.11370125439757439
17,2024,16,0.006483259122496101,32,0.30000000000000004,128,2,4,128,6,0.5111743227402196,0.1942533121419941
18,2024,4,0.00408142010732495,16,0.30000000000000004,32,2,1,128,7,0.5391103772230291,0.197550684575393
19,2024,12,0.0005053090140970422,32,0.2,128,2,3,128,6,0.41321562269441037,0.09785712951358763
20,2024,12,0.00014101173871789517,32,0.1,128,2,3,256,5,0.42253621387013857,0.12546850925039332
21,2024,12,0.0005824574767832482,32,0.2,128,2,4,128,6,0.4186744027047092,0.09359456545849432
22,2024,12,0.0006390311831869977,32,0.2,128,2,3,128,7,0.4214414491824061,0.09516453218055325
23,2024,12,0.0016117246967522298,32,0.2,128,2,4,128,6,0.4421218571793311,0.1362451878345662
24,2024,12,0.0010710974218427934,32,0.2,128,2,3,128,5,0.4285926295801543,0.1040693077087922
25,2024,12,0.00048567636328100564,32,0.1,32,2,2,128,7,0.4379590703055838,0.14129348026801006
26,2024,16,0.001419231301435775,16,0.2,128,2,4,128,5,0.41639366393395644,0.08794593257214432
27,2024,16,0.0046720938837034025,16,0.2,128,2,1,128,5,0.47662835576929935,0.10225633917265733
28,2024,16,0.0019505171661080999,16,0.1,64,2,3,256,5,0.4331897169448034,0.09907866371054944
29,2024,8,0.002627322401913137,16,0.30000000000000004,32,2,3,128,4,0.5111992975688275,0.16739865851039587
