seed,outer_fold,test_year,epoch,train_loss,val_loss
42,1,2022,1,0.6067238511710331,0.41044366359710693
42,1,2022,2,0.37015448921713334,0.3218977351983388
42,1,2022,3,0.35152844313917486,0.3268296718597412
42,1,2022,4,0.34031245703327245,0.3132312794526418
42,1,2022,5,0.3340621343974409,0.3092356820901235
42,1,2022,6,0.3297913973701411,0.30702606836954754
42,1,2022,7,0.32646120313940374,0.30589359005292255
42,1,2022,8,0.32336970521458264,0.30487477282683056
42,1,2022,9,0.32056213350131596,0.30329760412375134
42,1,2022,10,0.31802789224632855,0.30064963301022846
42,1,2022,11,0.31551978595811747,0.2977186491092046
42,1,2022,12,0.31255009821776686,0.2958463132381439
42,1,2022,13,0.30887812427405653,0.29471148053805035
42,1,2022,14,0.30469144508242607,0.29220842321713764
42,1,2022,15,0.3003895842823489,0.28811292846997577
42,1,2022,16,0.29574770274861106,0.28374043107032776
42,1,2022,17,0.2904128721305009,0.28002812961737317
42,1,2022,18,0.2849610206382028,0.276273712515831
42,1,2022,19,0.28004311718817415,0.2727474570274353
42,1,2022,20,0.27536306106324854,0.2703250050544739
42,1,2022,21,0.2705780899730222,0.26810909310976666
42,1,2022,22,0.2654793268904604,0.2648122509320577
42,1,2022,23,0.2610982768237591,0.26418668031692505
42,1,2022,24,0.2587727303134984,0.24600590268770853
42,1,2022,25,0.25692226223904513,0.26317187150319415
42,1,2022,26,0.253780420484214,0.26366326212882996
42,1,2022,27,0.24973091328966207,0.2544083297252655
42,1,2022,28,0.24554663112965122,0.24395562211672464
42,1,2022,29,0.24286380975410857,0.24567954242229462
42,1,2022,30,0.24102095797144132,0.2497367560863495
42,1,2022,31,0.2390922955397902,0.24671689669291177
42,1,2022,32,0.2355770672960528,0.2396500607331594
42,1,2022,33,0.2326289620892755,0.23863262931505838
42,1,2022,34,0.23107239334233876,0.2396429032087326
42,1,2022,35,0.23667240605272097,0.2502136329809825
42,1,2022,36,0.2395837707766171,0.234143594900767
42,1,2022,37,0.23402853207341556,0.24329740802447
42,1,2022,38,0.2295540482576551,0.24630354841550192
42,1,2022,39,0.22654285436046534,0.2344699501991272
42,1,2022,40,0.2239043684355144,0.23327107727527618
42,1,2022,41,0.22088498429491601,0.23444144427776337
42,1,2022,42,0.21963734192581014,0.2353044052918752
42,1,2022,43,0.2177957685600067,0.23551480968793234
42,1,2022,44,0.21595168383470897,0.23455236355463663
42,1,2022,45,0.21250727515796136,0.22895932694276175
42,1,2022,46,0.21083456406305576,0.22680295507113138
42,1,2022,47,0.2104821297629126,0.2300073802471161
42,1,2022,48,0.20697285697377962,0.23043849070866904
42,1,2022,49,0.20636064687679553,0.22272329529126486
42,1,2022,50,0.20721270169677405,0.22746088604132333
42,1,2022,51,0.20662034084570818,0.2301966200272242
42,1,2022,52,0.2040094949048141,0.2302707384030024
42,1,2022,53,0.20188623563996677,0.22991815706094107
42,1,2022,54,0.19959936303825215,0.23689782122770944
42,1,2022,55,0.19795279256228743,0.22448856631914774
42,1,2022,56,0.20153741846824513,0.22564957539240518
42,1,2022,57,0.19733697355821214,0.23152317106723785
42,1,2022,58,0.19662645870241627,0.2389255960782369
42,1,2022,59,0.1933335518014842,0.22904162605603537
42,1,2022,60,0.19561372337670163,0.22832070787747702
42,1,2022,61,0.19741778473915725,0.22013211250305176
42,1,2022,62,0.1953967392187694,0.2352583905061086
42,1,2022,63,0.1906356843638009,0.23450547953446707
42,1,2022,64,0.18559939928095917,0.23635312914848328
42,1,2022,65,0.1833435688810102,0.2266302357117335
42,1,2022,66,0.18399401869753312,0.2260273943344752
42,1,2022,67,0.18438049418659047,0.2311425507068634
42,1,2022,68,0.18191424988467117,0.23059878249963126
42,1,2022,69,0.18100644827916704,0.24093007544676462
42,1,2022,70,0.18095653118758365,0.23262576758861542
42,1,2022,71,0.18039440556332983,0.22215809921423593
42,1,2022,72,0.17978632218878846,0.22192383805910745
42,1,2022,73,0.1786968115845631,0.2390111635128657
42,1,2022,74,0.17598829778103992,0.23314692080020905
42,1,2022,75,0.17367239090903053,0.23878185947736105
42,1,2022,76,0.17453865064629193,0.22289231419563293
42,1,2022,77,0.18044579401612282,0.22254616022109985
42,1,2022,78,0.17801468446850777,0.25222545862197876
42,1,2022,79,0.18054022922598081,0.23375826080640158
42,1,2022,80,0.169100743814789,0.2159907470146815
42,1,2022,81,0.1684575962095425,0.21530581514040628
42,1,2022,82,0.1681833434207686,0.23353202641010284
42,1,2022,83,0.16504755924487935,0.22869697213172913
42,1,2022,84,0.16091634024833812,0.212826540072759
42,1,2022,85,0.15961804652008518,0.21079106132189432
42,1,2022,86,0.16126452925904045,0.2099035233259201
42,1,2022,87,0.1597391266761155,0.226422647635142
42,1,2022,88,0.16072272522182302,0.22029518087704977
42,1,2022,89,0.15703326412316027,0.21730348467826843
42,1,2022,90,0.15792142008912974,0.228442112604777
42,1,2022,91,0.15648014689313955,0.22190777460734049
42,1,2022,92,0.15670552913998737,0.2272121657927831
42,1,2022,93,0.1554690501813231,0.21069782972335815
42,1,2022,94,0.15176529257461943,0.2007021407286326
42,1,2022,95,0.15248601434045825,0.21347160637378693
42,1,2022,96,0.1635140027722408,0.20503516991933188
42,1,2022,97,0.15824978541711282,0.22023477653662363
42,1,2022,98,0.15524637339443997,0.21565979719161987
42,1,2022,99,0.16352788179085173,0.22286411623160043
42,1,2022,100,0.1588117629289627,0.22247305512428284
42,1,2022,101,0.15717146468573603,0.21572511891523996
42,1,2022,102,0.1644765748802958,0.23082436124483743
42,1,2022,103,0.158844451580582,0.21360019346078238
42,1,2022,104,0.1546547382042326,0.22136345505714417
42,1,2022,105,0.15319224960845093,0.21192946036656699
42,1,2022,106,0.14928882260774745,0.2152654379606247
42,1,2022,107,0.15250663073926135,0.20168021818002066
42,1,2022,108,0.1495971057949395,0.23154588540395102
42,1,2022,109,0.1491175090958332,0.23506552477677664
42,1,2022,110,0.1471477860006793,0.22674847145875296
42,1,2022,111,0.1474401390758054,0.220900297164917
42,1,2022,112,0.14751551942578678,0.2170894294977188
42,1,2022,113,0.15423454087356042,0.2083511104186376
42,1,2022,114,0.14705120438131794,0.20160099367300668
42,2,2023,1,0.5155771337449551,0.5282934804757436
42,2,2023,2,0.345848758937791,0.5113195280234019
42,2,2023,3,0.3339759230148047,0.5069087048371633
42,2,2023,4,0.3270922328811139,0.4971344669659932
42,2,2023,5,0.3221718198619783,0.49078379074732464
42,2,2023,6,0.31822167220525444,0.4835086564222972
42,2,2023,7,0.31403997144661844,0.47602853178977966
42,2,2023,8,0.30941996769979596,0.4680724839369456
42,2,2023,9,0.30439175525680184,0.4594110349814097
42,2,2023,10,0.2991681369021535,0.4501187006632487
42,2,2023,11,0.29380892566405237,0.4404903252919515
42,2,2023,12,0.2883367561735213,0.4310188790162404
42,2,2023,13,0.2829467507544905,0.422103355328242
42,2,2023,14,0.27750025247223675,0.41403524080912274
42,2,2023,15,0.2716981142293662,0.40545783440272015
42,2,2023,16,0.2702872200170532,0.44100241859753925
42,2,2023,17,0.27251647680532187,0.4241037170092265
42,2,2023,18,0.2765369121916592,0.43032286564509076
42,2,2023,19,0.2703128906432539,0.39734800656636554
42,2,2023,20,0.2725643825251609,0.37751627961794537
42,2,2023,21,0.277786216000095,0.3812168041865031
42,2,2023,22,0.259847276378423,0.36578551928202313
42,2,2023,23,0.2528254931094125,0.36036213239034015
42,2,2023,24,0.24754539737477899,0.3549652695655823
42,2,2023,25,0.2458924570819363,0.34574514627456665
42,2,2023,26,0.2408580220071599,0.34313705563545227
42,2,2023,27,0.239572697551921,0.34049177169799805
42,2,2023,28,0.23484505177475512,0.33508925636609393
42,2,2023,29,0.23324503004550934,0.3330573836962382
42,2,2023,30,0.23059692233800888,0.3316042919953664
42,2,2023,31,0.23062320530880243,0.3290867606798808
42,2,2023,32,0.22902351431548595,0.32513490319252014
42,2,2023,33,0.22457896755076945,0.3230440815289815
42,2,2023,34,0.22198895702604204,0.320165753364563
42,2,2023,35,0.2217608888167888,0.32219738761583966
42,2,2023,36,0.21943067968823016,0.32081565260887146
42,2,2023,37,0.21754831355065107,0.3211141377687454
42,2,2023,38,0.2155719962902367,0.313617746035258
42,2,2023,39,0.21376404992770404,0.31589940190315247
42,2,2023,40,0.21234918129630387,0.31401018301645917
42,2,2023,41,0.2110969815403223,0.31787445147832233
42,2,2023,42,0.2107715648598969,0.3091898461182912
42,2,2023,43,0.20811400143429637,0.3104241192340851
42,2,2023,44,0.20726882421877235,0.3087734580039978
42,2,2023,45,0.20536755316425115,0.3126964370409648
42,2,2023,46,0.20735112694092095,0.31071731448173523
42,2,2023,47,0.2037478897254914,0.30797526240348816
42,2,2023,48,0.20707933872472495,0.3071955392758052
42,2,2023,49,0.20167384576052427,0.3089691599210103
42,2,2023,50,0.20717532001435757,0.3099366674820582
42,2,2023,51,0.1995969677809626,0.3099355300267537
42,2,2023,52,0.20354880939703435,0.31248025099436444
42,2,2023,53,0.19752430450171232,0.3029077748457591
42,2,2023,54,0.19954348483588547,0.30801727374394733
42,2,2023,55,0.19358269753865898,0.3119935443003972
42,2,2023,56,0.19735232810489833,0.3162928620974223
42,2,2023,57,0.19239668361842632,0.31668946146965027
42,2,2023,58,0.19592745963018388,0.32377104461193085
42,2,2023,59,0.1911017185775563,0.30460842947165173
42,2,2023,60,0.19346220325678587,0.2966310779253642
42,2,2023,61,0.1899840134428814,0.29271163543065387
42,2,2023,62,0.18537333398126066,0.30363606413205463
42,2,2023,63,0.18316649668850005,0.3160315503676732
42,2,2023,64,0.18357596825808287,0.3024388353029887
42,2,2023,65,0.18231336225289851,0.33076147735118866
42,2,2023,66,0.1804103897884488,0.29817978541056317
42,2,2023,67,0.18166689667850733,0.3062008221944173
42,2,2023,68,0.17710007610730827,0.2916266272465388
42,2,2023,69,0.18018307129386812,0.3119545678297679
42,2,2023,70,0.17811824195086956,0.29303644597530365
42,2,2023,71,0.18739563203416765,0.34044456978638965
42,2,2023,72,0.1816040329867974,0.3223396639029185
42,2,2023,73,0.1820263979025185,0.318813423315684
42,2,2023,74,0.1747461612103507,0.29901351531346637
42,2,2023,75,0.17038671649061143,0.29263778527577716
42,2,2023,76,0.1684556477703154,0.29797565440336865
42,2,2023,77,0.16835337539669126,0.3069603443145752
42,2,2023,78,0.17155385157093406,0.33497930069764453
42,2,2023,79,0.17452559666708112,0.3387259741624196
42,2,2023,80,0.17631275008898228,0.37408803900082904
42,2,2023,81,0.18612556031439453,0.30527011553446454
42,2,2023,82,0.18123226193711162,0.30022573471069336
42,2,2023,83,0.17499096947722137,0.29806524018446606
42,2,2023,84,0.18166928098071367,0.3543386608362198
42,2,2023,85,0.17272860300727189,0.33106674750645954
42,2,2023,86,0.1655276931123808,0.29491983850797016
42,2,2023,87,0.16481482167728245,0.31910546123981476
42,2,2023,88,0.1637920441571623,0.3010012060403824
42,3,2024,1,0.6133058607578278,0.5871703426043192
42,3,2024,2,0.3660917382155146,0.5583085417747498
42,3,2024,3,0.3507315069437027,0.5524083773295084
42,3,2024,4,0.3409339364085879,0.5410646796226501
42,3,2024,5,0.3367656797170639,0.5415818293889364
42,3,2024,6,0.3309196014489446,0.5329320728778839
42,3,2024,7,0.32649324642760413,0.5298278629779816
42,3,2024,8,0.32161316509757726,0.5235155820846558
42,3,2024,9,0.31705873033830095,0.5191203455130259
42,3,2024,10,0.31209283471107485,0.5134558777014414
42,3,2024,11,0.3067782676645688,0.507536917924881
42,3,2024,12,0.3007850685289928,0.5001045862833658
42,3,2024,13,0.29430072690759385,0.4920092721780141
42,3,2024,14,0.28745683069740025,0.4835449854532878
42,3,2024,15,0.28073934252773014,0.47625137368837994
42,3,2024,16,0.2766343763896397,0.47246651848157245
42,3,2024,17,0.27558246489082067,0.4729350705941518
42,3,2024,18,0.26758362352848053,0.46161459883054096
42,3,2024,19,0.26110580222947255,0.456669549147288
42,3,2024,20,0.25639170791421617,0.45238004128138226
42,3,2024,21,0.25247026149715696,0.4499038755893707
42,3,2024,22,0.25112064608505796,0.44949638843536377
42,3,2024,23,0.248992841477905,0.44467636942863464
42,3,2024,24,0.24473775710378373,0.44361911217371625
42,3,2024,25,0.24650289011853083,0.45838122566541034
42,3,2024,26,0.250804035791329,0.46558452645937604
42,3,2024,27,0.24862255794661386,0.4500741759936015
42,3,2024,28,0.2388413938028472,0.4469826320807139
42,3,2024,29,0.23633752188512258,0.44602400064468384
42,3,2024,30,0.23503785920994621,0.44451547662417096
42,3,2024,31,0.2336131834558078,0.4539628823598226
42,3,2024,32,0.23220966649906977,0.445437490940094
42,3,2024,33,0.2296398801462991,0.4464871287345886
42,3,2024,34,0.22761638803141457,0.44769062598546344
42,3,2024,35,0.22598312731300083,0.44788168867429096
42,3,2024,36,0.2241682652916227,0.4396035671234131
42,3,2024,37,0.22138420109237944,0.45386459430058795
42,3,2024,38,0.22155626501355852,0.44376279910405475
42,3,2024,39,0.22436803047146117,0.4537511666615804
42,3,2024,40,0.2268078953027725,0.4772661328315735
42,3,2024,41,0.22471315828817232,0.46955276528994244
42,3,2024,42,0.22022789801870074,0.4847753345966339
42,3,2024,43,0.2167693573449339,0.46951406200726825
42,3,2024,44,0.21999156230262348,0.47210081418355304
42,3,2024,45,0.2180868746978896,0.46079957485198975
42,3,2024,46,0.215627144915717,0.4575299024581909
42,3,2024,47,0.21298663765192033,0.45295044779777527
42,3,2024,48,0.2110518635383674,0.4551148811976115
42,3,2024,49,0.2072035745850631,0.4527560869852702
42,3,2024,50,0.2065447208072458,0.45898346106211346
42,3,2024,51,0.2056698001921177,0.4552803734938304
42,3,2024,52,0.20721553170255252,0.4872901439666748
42,3,2024,53,0.2073529256241662,0.4937259455521901
42,3,2024,54,0.2120407285434859,0.5185520450274149
42,3,2024,55,0.20940033910529954,0.46860042214393616
42,3,2024,56,0.21335631640894073,0.4700523813565572
123,1,2022,1,0.5853557835022608,0.44989845156669617
123,1,2022,2,0.37937384843826294,0.3483182042837143
123,1,2022,3,0.3577994460860888,0.31409381330013275
123,1,2022,4,0.33038901587327324,0.30805064737796783
123,1,2022,5,0.3180962493022283,0.3054244667291641
123,1,2022,6,0.31359751572211586,0.3030916154384613
123,1,2022,7,0.30979426701863605,0.3068869113922119
123,1,2022,8,0.308453502257665,0.30441077053546906
123,1,2022,9,0.3088006859024366,0.3017500340938568
123,1,2022,10,0.29982665876547493,0.29492373764514923
123,1,2022,11,0.2917066976428032,0.29184526205062866
123,1,2022,12,0.28763534128665924,0.2904873341321945
123,1,2022,13,0.28668274482091266,0.31881003081798553
123,1,2022,14,0.28816069662570953,0.31140387058258057
123,1,2022,15,0.2964903344710668,0.32184040546417236
123,1,2022,16,0.29784247775872547,0.6203431785106659
123,1,2022,17,0.3452123189965884,0.3138849437236786
123,1,2022,18,0.31912524104118345,0.332333505153656
123,1,2022,19,0.3054721449812253,0.30425846576690674
123,1,2022,20,0.2932796070973078,0.31054283678531647
123,1,2022,21,0.3077162052194277,0.3009994775056839
123,1,2022,22,0.2975396325190862,0.31783246994018555
123,1,2022,23,0.273448646068573,0.30607662349939346
123,1,2022,24,0.2708680967489878,0.28510652482509613
123,1,2022,25,0.2707551648219427,0.2786068022251129
123,1,2022,26,0.2615728184580803,0.28252383321523666
123,1,2022,27,0.2555798466006915,0.2842901349067688
123,1,2022,28,0.25573268632094065,0.2844605818390846
123,1,2022,29,0.2566575765609741,0.2720925509929657
123,1,2022,30,0.24819646527369818,0.26702364534139633
123,1,2022,31,0.24162881473700207,0.25869470834732056
123,1,2022,32,0.24120338608821232,0.2572869211435318
123,1,2022,33,0.24008682469526926,0.2504742592573166
123,1,2022,34,0.23727774272362392,0.2466222122311592
123,1,2022,35,0.24904190202554066,0.2824709713459015
123,1,2022,36,0.2504124969244003,0.2731366232037544
123,1,2022,37,0.27318135599295296,0.3015311360359192
123,1,2022,38,0.26627465734879174,0.2571721524000168
123,1,2022,39,0.2665198678771655,0.29624809324741364
123,1,2022,40,0.24865972598393757,0.27958735823631287
123,1,2022,41,0.24700803011655809,0.252874530851841
123,1,2022,42,0.23294023871421815,0.25339268147945404
123,1,2022,43,0.22673197637001674,0.24017874896526337
123,1,2022,44,0.22496130963166555,0.24612843990325928
123,1,2022,45,0.22004312177499136,0.2477179765701294
123,1,2022,46,0.21772445241610208,0.23760418593883514
123,1,2022,47,0.2173182231684526,0.24193161725997925
123,1,2022,48,0.21980197429656984,0.25731905549764633
123,1,2022,49,0.217366494735082,0.24484209716320038
123,1,2022,50,0.22048916618029277,0.2623193934559822
123,1,2022,51,0.21453320781389873,0.23512060940265656
123,1,2022,52,0.2085217282176018,0.23694123327732086
123,1,2022,53,0.2111467480659485,0.2559150606393814
123,1,2022,54,0.207413974404335,0.23677560687065125
123,1,2022,55,0.20768205672502518,0.24424728006124496
123,1,2022,56,0.20543541212876637,0.24066247045993805
123,1,2022,57,0.20147223869959513,0.23710240423679352
123,1,2022,58,0.20521269341309864,0.251544751226902
123,1,2022,59,0.19807373657822608,0.23526597023010254
123,1,2022,60,0.19381184056401252,0.2297850400209427
123,1,2022,61,0.1960072380801042,0.249952495098114
123,1,2022,62,0.19143462926149368,0.23877383768558502
123,1,2022,63,0.18848777736226718,0.23202675580978394
123,1,2022,64,0.18718969623247783,0.24000949412584305
123,1,2022,65,0.18570345217982928,0.2445281222462654
123,1,2022,66,0.1837640091776848,0.22530385106801987
123,1,2022,67,0.18633030454317728,0.22844984382390976
123,1,2022,68,0.1863874507447084,0.2657272219657898
123,1,2022,69,0.18697150548299155,0.23633427917957306
123,1,2022,70,0.19032853643099468,0.22364167124032974
123,1,2022,71,0.19153245439132055,0.23494180291891098
123,1,2022,72,0.18506110534071923,0.24256274104118347
123,1,2022,73,0.19060233384370803,0.22738445550203323
123,1,2022,74,0.18411793311436972,0.2883971482515335
123,1,2022,75,0.19182888219753902,0.21493708342313766
123,1,2022,76,0.18782630662123362,0.22451870143413544
123,1,2022,77,0.18580519109964372,0.23043948411941528
123,1,2022,78,0.19474316214521725,0.22767873853445053
123,1,2022,79,0.1995565911134084,0.2771850973367691
123,1,2022,80,0.20356760422388712,0.2803514450788498
123,1,2022,81,0.18949306309223174,0.27331721782684326
123,1,2022,82,0.18641678343216578,0.24763639271259308
123,1,2022,83,0.19640666469931603,0.24888651072978973
123,1,2022,84,0.18018483718236286,0.23717088997364044
123,1,2022,85,0.17212670544783273,0.24360120296478271
123,1,2022,86,0.17002224226792653,0.23260688036680222
123,1,2022,87,0.16498492583632468,0.2682509943842888
123,1,2022,88,0.16644578377405803,0.2197805643081665
123,1,2022,89,0.16406818876663845,0.23233561217784882
123,1,2022,90,0.16145914619167645,0.23143158853054047
123,1,2022,91,0.15934804702798525,0.23229015618562698
123,1,2022,92,0.1597631389896075,0.24231739342212677
123,1,2022,93,0.16788836121559142,0.24585730582475662
123,1,2022,94,0.1693107232451439,0.2133786827325821
123,1,2022,95,0.16751437435547512,0.22545303404331207
123,1,2022,96,0.17580400506655375,0.26199159026145935
123,1,2022,97,0.16347330808639526,0.22434984147548676
123,1,2022,98,0.16401140590508778,0.21927334368228912
123,1,2022,99,0.1597988670070966,0.2310415804386139
123,1,2022,100,0.1561704084277153,0.24317526817321777
123,1,2022,101,0.16038050949573518,0.2212899550795555
123,1,2022,102,0.15974576820929845,0.23761415481567383
123,1,2022,103,0.15732094198465346,0.231489360332489
123,1,2022,104,0.1579776734113693,0.2112221047282219
123,1,2022,105,0.17316515694061915,0.21947579830884933
123,1,2022,106,0.15369742214679719,0.24611104279756546
123,1,2022,107,0.15465468242764474,0.22697196155786514
123,1,2022,108,0.1560886894663175,0.21713042259216309
123,1,2022,109,0.14981626371542614,0.22776930779218674
123,1,2022,110,0.1523634026447932,0.22415657341480255
123,1,2022,111,0.1565993326405684,0.22119346261024475
123,1,2022,112,0.1567038357257843,0.2299264520406723
123,1,2022,113,0.15577327112356823,0.23249419033527374
123,1,2022,114,0.1503161147236824,0.23067066073417664
123,1,2022,115,0.15032441665728888,0.22877665609121323
123,1,2022,116,0.1633953476945559,0.23497384786605835
123,1,2022,117,0.15078317274649938,0.23851894587278366
123,1,2022,118,0.1461713895201683,0.21927452087402344
123,1,2022,119,0.1399300992488861,0.22795915603637695
123,1,2022,120,0.13824400107065837,0.23644383251667023
123,1,2022,121,0.13676450451215108,0.21490418910980225
123,1,2022,122,0.1405451364815235,0.21310633420944214
123,1,2022,123,0.1393941082060337,0.2286038175225258
123,1,2022,124,0.14069101711114249,0.21547451615333557
123,2,2023,1,0.6198285100981593,0.6111285090446472
123,2,2023,2,0.37987495213747025,0.5583983063697815
123,2,2023,3,0.3504439713433385,0.539159283041954
123,2,2023,4,0.3397077633999288,0.5268188863992691
123,2,2023,5,0.3242511507123709,0.5196476429700851
123,2,2023,6,0.3171889833174646,0.5126506984233856
123,2,2023,7,0.3115963973104954,0.5090298652648926
123,2,2023,8,0.30816471111029387,0.5039222836494446
123,2,2023,9,0.3047026921994984,0.49578970670700073
123,2,2023,10,0.3005508133210242,0.48608866333961487
123,2,2023,11,0.297154258005321,0.47349292039871216
123,2,2023,12,0.29219609405845404,0.46076799929142
123,2,2023,13,0.2834862843155861,0.44806498289108276
123,2,2023,14,0.275434039067477,0.44296303391456604
123,2,2023,15,0.2710427911952138,0.43264201283454895
123,2,2023,16,0.2691828068345785,0.42674238979816437
123,2,2023,17,0.27920777909457684,0.4627566337585449
123,2,2023,18,0.2721275659278035,0.43726885318756104
123,2,2023,19,0.27477789064869285,0.421305850148201
123,2,2023,20,0.2686196411959827,0.4212702512741089
123,2,2023,21,0.2676454121246934,0.4223964512348175
123,2,2023,22,0.2796932738274336,0.5195000767707825
123,2,2023,23,0.29683242458850145,0.4824731647968292
123,2,2023,24,0.295400470495224,0.4452839195728302
123,2,2023,25,0.27577163372188807,0.4397267699241638
123,2,2023,26,0.27430534083396196,0.4415103495121002
123,2,2023,27,0.272878454066813,0.4162989854812622
123,2,2023,28,0.2668352513574064,0.4450641870498657
123,2,2023,29,0.2620441406033933,0.4533127546310425
123,2,2023,30,0.25158707704395056,0.41668231785297394
123,2,2023,31,0.25607941299676895,0.40741683542728424
123,2,2023,32,0.2506038621068001,0.38608939945697784
123,2,2023,33,0.2330314968712628,0.3844343572854996
123,2,2023,34,0.22975563816726208,0.37891077995300293
123,2,2023,35,0.22867995873093605,0.3723277896642685
123,2,2023,36,0.22639051591977477,0.3643631041049957
123,2,2023,37,0.2246180409565568,0.36429572105407715
123,2,2023,38,0.22117076301947236,0.3655568063259125
123,2,2023,39,0.21859507588669658,0.3668711483478546
123,2,2023,40,0.21637028455734253,0.36147546768188477
123,2,2023,41,0.21516951639205217,0.3590409755706787
123,2,2023,42,0.21446530520915985,0.3569883108139038
123,2,2023,43,0.21494394214823842,0.35404254496097565
123,2,2023,44,0.21679111570119858,0.34982259571552277
123,2,2023,45,0.21632869355380535,0.35561662912368774
123,2,2023,46,0.21760252257809043,0.3572523593902588
123,2,2023,47,0.2150406278669834,0.34391748905181885
123,2,2023,48,0.210144086740911,0.36172428727149963
123,2,2023,49,0.21216547908261418,0.33746688067913055
123,2,2023,50,0.2100911750458181,0.343977153301239
123,2,2023,51,0.209530018735677,0.34034404158592224
123,2,2023,52,0.2177756573073566,0.3687100112438202
123,2,2023,53,0.29777554143220186,0.43547290563583374
123,2,2023,54,0.32285809982568026,0.4936676323413849
123,2,2023,55,0.31882508005946875,0.514547809958458
123,2,2023,56,0.31202146131545305,0.39992283284664154
123,2,2023,57,0.2672579367645085,0.3744538873434067
123,2,2023,58,0.2568203960545361,0.39098212122917175
123,2,2023,59,0.2422692133113742,0.39404192566871643
123,2,2023,60,0.2454578261822462,0.36492112278938293
123,2,2023,61,0.23087437031790614,0.3629739135503769
123,2,2023,62,0.22167106391862035,0.37145470082759857
123,2,2023,63,0.22577064135111868,0.34315893054008484
123,2,2023,64,0.2211868166923523,0.3468067944049835
123,2,2023,65,0.21684188768267632,0.38947832584381104
123,2,2023,66,0.23112185881473124,0.35613323748111725
123,2,2023,67,0.22276329342275858,0.3557227998971939
123,2,2023,68,0.2159028286114335,0.35744887590408325
123,2,2023,69,0.20726414723321795,0.3387713134288788
123,3,2024,1,0.5692632330788506,0.5948627293109894
123,3,2024,2,0.3794539330734147,0.5724852681159973
123,3,2024,3,0.3583952598273754,0.5689446032047272
123,3,2024,4,0.3529539447691705,0.5530800521373749
123,3,2024,5,0.34769121640258366,0.5402302443981171
123,3,2024,6,0.337555473877324,0.5324871242046356
123,3,2024,7,0.3366146998273002,0.5344995856285095
123,3,2024,8,0.3323437563247151,0.5472830832004547
123,3,2024,9,0.33053984120488167,0.5504101514816284
123,3,2024,10,0.32165300018257564,0.5378463566303253
123,3,2024,11,0.3122522354953819,0.5565842092037201
123,3,2024,12,0.3095475600825416,0.5797282457351685
123,3,2024,13,0.3009669962856505,0.520457997918129
123,3,2024,14,0.28823583987024093,0.48693495988845825
123,3,2024,15,0.28291038920482,0.5062908828258514
123,3,2024,16,0.2740810749431451,0.5373919904232025
123,3,2024,17,0.31276947011550266,0.6894125640392303
123,3,2024,18,0.30538468890719944,0.5811428129673004
123,3,2024,19,0.3199465510745843,0.5636888742446899
123,3,2024,20,0.3272125187019507,0.5744771659374237
123,3,2024,21,0.2947357048590978,0.5119634419679642
123,3,2024,22,0.2817990792294343,0.5029016435146332
123,3,2024,23,0.27469880961709553,0.50968337059021
123,3,2024,24,0.27281535872154766,0.5075605362653732
123,3,2024,25,0.27672165549463695,0.502153605222702
123,3,2024,26,0.2815643275777499,0.48397698998451233
123,3,2024,27,0.27443047530121273,0.47916971147060394
123,3,2024,28,0.26980041339993477,0.48631495237350464
123,3,2024,29,0.2635741846428977,0.5410676300525665
123,3,2024,30,0.25504160506857765,0.5813288986682892
123,3,2024,31,0.2539607642425431,0.4981180727481842
123,3,2024,32,0.24409096274111006,0.45268091559410095
123,3,2024,33,0.23408665342463386,0.4595264196395874
123,3,2024,34,0.23342293086979124,0.48988547921180725
123,3,2024,35,0.23402448412444857,0.5303883254528046
123,3,2024,36,0.23246324269307983,0.5386751592159271
123,3,2024,37,0.23400496194760004,0.5043012201786041
123,3,2024,38,0.23710879766278797,0.46997132897377014
123,3,2024,39,0.2356673681901561,0.45603083074092865
123,3,2024,40,0.23019102174374792,0.45066477358341217
123,3,2024,41,0.22779176632563272,0.49040572345256805
123,3,2024,42,0.22557116051514944,0.5318132042884827
123,3,2024,43,0.22561267866856521,0.5328452736139297
123,3,2024,44,0.22345790825784206,0.5187052190303802
123,3,2024,45,0.2165376916527748,0.4590013325214386
123,3,2024,46,0.21011798166566426,0.4344326853752136
123,3,2024,47,0.2050026570343309,0.4414607584476471
123,3,2024,48,0.2032606117427349,0.46003182232379913
123,3,2024,49,0.20315699693229464,0.4845534712076187
123,3,2024,50,0.20281283122797808,0.5126144289970398
123,3,2024,51,0.20292682655983502,0.5263827741146088
123,3,2024,52,0.20192941816316712,0.521317332983017
123,3,2024,53,0.19919107812974188,0.4812541902065277
123,3,2024,54,0.19622386847105291,0.44862793385982513
123,3,2024,55,0.1920669614854786,0.4529678225517273
123,3,2024,56,0.19245084954632652,0.4333968460559845
123,3,2024,57,0.19356541128622162,0.4465899169445038
123,3,2024,58,0.1939677976899677,0.45806199312210083
123,3,2024,59,0.19034536182880402,0.4434954971075058
123,3,2024,60,0.18895915067858166,0.4547639638185501
123,3,2024,61,0.1875160268197457,0.4631228595972061
123,3,2024,62,0.18476098548207018,0.45831890404224396
123,3,2024,63,0.18095244612130854,0.4465882182121277
123,3,2024,64,0.1784639772441652,0.4593648314476013
123,3,2024,65,0.17837960976693365,0.5066618174314499
123,3,2024,66,0.17834207167228064,0.47597838938236237
123,3,2024,67,0.18233808212810093,0.467374712228775
123,3,2024,68,0.18270795419812202,0.4530375897884369
123,3,2024,69,0.18741407535142368,0.4390009939670563
123,3,2024,70,0.19203109128607643,0.46671062707901
123,3,2024,71,0.19420062833362156,0.416945219039917
123,3,2024,72,0.19091623855961692,0.42228561639785767
123,3,2024,73,0.1935875312321716,0.45201750099658966
123,3,2024,74,0.19195170576373735,0.44142791628837585
123,3,2024,75,0.17560417163703176,0.4311787486076355
123,3,2024,76,0.1776668189300431,0.4343413710594177
123,3,2024,77,0.17426863354113367,0.45198777318000793
123,3,2024,78,0.17849099760254225,0.5103375315666199
123,3,2024,79,0.17112131313317352,0.49222441017627716
123,3,2024,80,0.18035150898827446,0.4816509485244751
123,3,2024,81,0.174833153684934,0.5093917399644852
123,3,2024,82,0.17078883262972036,0.4236820638179779
123,3,2024,83,0.16716167620486683,0.4903635084629059
123,3,2024,84,0.16241076547238562,0.40817369520664215
123,3,2024,85,0.15914366580545902,0.4249787777662277
123,3,2024,86,0.15563976392149925,0.4139982908964157
123,3,2024,87,0.1562012020084593,0.4374634921550751
123,3,2024,88,0.15198167289296785,0.45459234714508057
123,3,2024,89,0.15275934379961756,0.42238661646842957
123,3,2024,90,0.150827764843901,0.43888482451438904
123,3,2024,91,0.15118945886691412,0.45660990476608276
123,3,2024,92,0.15280724461707804,0.4789041578769684
123,3,2024,93,0.15000629135304028,0.46148380637168884
123,3,2024,94,0.1532867368724611,0.4099442809820175
123,3,2024,95,0.1571115091856983,0.4838219881057739
123,3,2024,96,0.16239266138937739,0.4418145567178726
123,3,2024,97,0.165444352146652,0.4799855947494507
123,3,2024,98,0.15643135499623087,0.476472869515419
123,3,2024,99,0.16571581736207008,0.43849019706249237
123,3,2024,100,0.1627225312921736,0.4319332391023636
123,3,2024,101,0.1595228902167744,0.3977676033973694
123,3,2024,102,0.151145677599642,0.4255238026380539
123,3,2024,103,0.153729019065698,0.44561024010181427
123,3,2024,104,0.15306917288237148,0.40619081258773804
123,3,2024,105,0.1478934157639742,0.42950600385665894
123,3,2024,106,0.14527802872988912,0.47946861386299133
123,3,2024,107,0.14518234837386343,0.4472275674343109
123,3,2024,108,0.1451954688462946,0.4166509360074997
123,3,2024,109,0.1468871132367187,0.5125477910041809
123,3,2024,110,0.15231780004170206,0.49634018540382385
123,3,2024,111,0.1512195360329416,0.39928802847862244
123,3,2024,112,0.14589463960793284,0.429710790514946
123,3,2024,113,0.16148939935697448,0.4470806270837784
123,3,2024,114,0.15257949092321926,0.43437647819519043
123,3,2024,115,0.15301021147105429,0.4398653954267502
123,3,2024,116,0.15918962243530485,0.5732108652591705
123,3,2024,117,0.16669953697257572,0.4820775091648102
123,3,2024,118,0.16125939538081488,0.5074822306632996
123,3,2024,119,0.1589882406923506,0.39699192345142365
123,3,2024,120,0.1544139894346396,0.468897745013237
123,3,2024,121,0.16277971284257042,0.4983825832605362
123,3,2024,122,0.15597960849603018,0.4200192242860794
123,3,2024,123,0.1481297980580065,0.4200764447450638
123,3,2024,124,0.14665777360399565,0.45235365629196167
123,3,2024,125,0.15333986323740748,0.6063978970050812
123,3,2024,126,0.1457603317168024,0.4337914437055588
123,3,2024,127,0.14296044864588314,0.5357409119606018
123,3,2024,128,0.14367838659220272,0.4640519618988037
123,3,2024,129,0.15269607802232107,0.5653655230998993
123,3,2024,130,0.1541825234889984,0.5499672293663025
123,3,2024,131,0.1476491509626309,0.4369337856769562
123,3,2024,132,0.14280554983350965,0.4180881828069687
123,3,2024,133,0.15999012192090353,0.41852352023124695
123,3,2024,134,0.17299430320660272,0.5427608489990234
123,3,2024,135,0.16299354367785984,0.5108659565448761
123,3,2024,136,0.16724678460094664,0.40524913370609283
123,3,2024,137,0.15265371940202183,0.40243764221668243
123,3,2024,138,0.14998516688744226,0.40072381496429443
123,3,2024,139,0.14646324266990027,0.409691646695137
2024,1,2022,1,0.7452681933840116,0.4072335958480835
2024,1,2022,2,0.37727112670739493,0.37269003689289093
2024,1,2022,3,0.35393742720286053,0.3327445685863495
2024,1,2022,4,0.33286249289909997,0.32642558217048645
2024,1,2022,5,0.33040296485026677,0.3263297826051712
2024,1,2022,6,0.32676926751931507,0.32298731803894043
2024,1,2022,7,0.32085257321596145,0.3207715004682541
2024,1,2022,8,0.31806179086367287,0.3190253674983978
2024,1,2022,9,0.3164416273434957,0.31796061992645264
2024,1,2022,10,0.313996293147405,0.31657053530216217
2024,1,2022,11,0.31161172489325206,0.3151647299528122
2024,1,2022,12,0.30965405851602557,0.3141886293888092
2024,1,2022,13,0.3079951440294584,0.3134104460477829
2024,1,2022,14,0.30631097753842673,0.3123895972967148
2024,1,2022,15,0.304323140780131,0.31126073002815247
2024,1,2022,16,0.3020874033371607,0.3103096932172775
2024,1,2022,17,0.2999647334218025,0.3095603734254837
2024,1,2022,18,0.2980993961294492,0.3087981939315796
2024,1,2022,19,0.29627135892709094,0.307822048664093
2024,1,2022,20,0.2941707362731298,0.30666278302669525
2024,1,2022,21,0.2917199934522311,0.30553628504276276
2024,1,2022,22,0.28926490296920143,0.304365411400795
2024,1,2022,23,0.2870950182278951,0.30293312668800354
2024,1,2022,24,0.285003000497818,0.30117082595825195
2024,1,2022,25,0.282579413553079,0.29913054406642914
2024,1,2022,26,0.27965666304032005,0.29723192751407623
2024,1,2022,27,0.2767155423760414,0.29532262682914734
2024,1,2022,28,0.2741617148121198,0.29292018711566925
2024,1,2022,29,0.2716629967093468,0.28997737169265747
2024,1,2022,30,0.2687929744521777,0.2874273508787155
2024,1,2022,31,0.2654634142915408,0.28548987209796906
2024,1,2022,32,0.2621956114967664,0.2831495851278305
2024,1,2022,33,0.2597031926115354,0.2811831459403038
2024,1,2022,34,0.2576020439465841,0.27985551953315735
2024,1,2022,35,0.25458233853181206,0.2759820818901062
2024,1,2022,36,0.2519499351580938,0.2761802449822426
2024,1,2022,37,0.24908095300197602,0.2754529342055321
2024,1,2022,38,0.24583288580179213,0.2744159698486328
2024,1,2022,39,0.2449366807937622,0.27207091450691223
2024,1,2022,40,0.24385255972544354,0.2705688327550888
2024,1,2022,41,0.2412278984983762,0.2670903429389
2024,1,2022,42,0.240286227564017,0.26900119334459305
2024,1,2022,43,0.24199077288309734,0.2788614183664322
2024,1,2022,44,0.23951352487007777,0.2698759138584137
2024,1,2022,45,0.23724185327688854,0.2647118493914604
2024,1,2022,46,0.23476573725541433,0.25876860320568085
2024,1,2022,47,0.232209446032842,0.25942976772785187
2024,1,2022,48,0.23630299667517343,0.26892396807670593
2024,1,2022,49,0.23498516629139582,0.2622557654976845
2024,1,2022,50,0.23615112900733948,0.2656405568122864
2024,1,2022,51,0.2282363658150037,0.2499602884054184
2024,1,2022,52,0.2243263418475787,0.25733698159456253
2024,1,2022,53,0.22474927405516307,0.25527654588222504
2024,1,2022,54,0.22138506869475047,0.2531362697482109
2024,1,2022,55,0.22100066939989726,0.2528570145368576
2024,1,2022,56,0.21999219705661138,0.24667367339134216
2024,1,2022,57,0.21851185063521067,0.2469901740550995
2024,1,2022,58,0.21812236607074736,0.24869747459888458
2024,1,2022,59,0.21787067800760268,0.24533237516880035
2024,1,2022,60,0.21782082815965018,0.24918752908706665
2024,1,2022,61,0.22413712044556935,0.26497288048267365
2024,1,2022,62,0.22853090465068818,0.25792641192674637
2024,1,2022,63,0.23552506019671757,0.26198770105838776
2024,1,2022,64,0.22899592916170755,0.23579278588294983
2024,1,2022,65,0.22550741086403528,0.25050652027130127
2024,1,2022,66,0.23043709049622219,0.2575766071677208
2024,1,2022,67,0.22707997461160023,0.24318906664848328
2024,1,2022,68,0.22241180191437404,0.2571355551481247
2024,1,2022,69,0.21587891181310018,0.2347007915377617
2024,1,2022,70,0.21246108238895733,0.240474671125412
2024,1,2022,71,0.21033741707603137,0.24291780591011047
2024,1,2022,72,0.20811618119478226,0.2473655492067337
2024,1,2022,73,0.20678591678539912,0.2481028065085411
2024,1,2022,74,0.20590305427710215,0.24697814136743546
2024,1,2022,75,0.20510502606630326,0.24597910046577454
2024,1,2022,76,0.20521874676148097,0.24063993245363235
2024,1,2022,77,0.2037253608306249,0.23576214909553528
2024,1,2022,78,0.20560519744952518,0.24024197459220886
2024,1,2022,79,0.20497055997451147,0.24191047251224518
2024,1,2022,80,0.20180960247913995,0.23971154540777206
2024,1,2022,81,0.20137947623928387,0.23865006119012833
2024,1,2022,82,0.2016388254861037,0.23845471441745758
2024,1,2022,83,0.20028783529996871,0.25331179052591324
2024,1,2022,84,0.2018970196445783,0.24997898191213608
2024,1,2022,85,0.2009615920484066,0.24870562553405762
2024,1,2022,86,0.19898800825079282,0.24118797481060028
2024,1,2022,87,0.20108124042550723,0.24326881766319275
2024,1,2022,88,0.20143292347590128,0.2484973818063736
2024,1,2022,89,0.204350150624911,0.2522611767053604
2024,2,2023,1,0.7833904563449323,0.6329551339149475
2024,2,2023,2,0.4029206484556198,0.5975178778171539
2024,2,2023,3,0.369382044300437,0.5507848560810089
2024,2,2023,4,0.344056504778564,0.5435412377119064
2024,2,2023,5,0.33983409591019154,0.5370822548866272
2024,2,2023,6,0.3344724425114691,0.5306283235549927
2024,2,2023,7,0.3289952236227691,0.5286263227462769
2024,2,2023,8,0.32673474680632353,0.5272814929485321
2024,2,2023,9,0.3246583305299282,0.5250890105962753
2024,2,2023,10,0.3217983073554933,0.522982195019722
2024,2,2023,11,0.3192106895148754,0.5213403850793839
2024,2,2023,12,0.317167229950428,0.5200245529413223
2024,2,2023,13,0.31530027836561203,0.5184762626886368
2024,2,2023,14,0.3133625155314803,0.5166275799274445
2024,2,2023,15,0.3113959007896483,0.5146204829216003
2024,2,2023,16,0.30948694702237844,0.5125421732664108
2024,2,2023,17,0.3076550932601094,0.510354533791542
2024,2,2023,18,0.30585918575525284,0.5079858154058456
2024,2,2023,19,0.3040545373223722,0.5053965151309967
2024,2,2023,20,0.3022220805287361,0.502593070268631
2024,2,2023,21,0.30036394111812115,0.4996003210544586
2024,2,2023,22,0.29848421830683947,0.49642980098724365
2024,2,2023,23,0.29657479375600815,0.49307239055633545
2024,2,2023,24,0.294615984428674,0.4895128905773163
2024,2,2023,25,0.29258686816319823,0.48574699461460114
2024,2,2023,26,0.2904747864231467,0.4817865639925003
2024,2,2023,27,0.28827786399051547,0.4776531755924225
2024,2,2023,28,0.28600203059613705,0.4733686149120331
2024,2,2023,29,0.2836560080759227,0.46894940733909607
2024,2,2023,30,0.2812450034543872,0.4644078314304352
2024,2,2023,31,0.2787623153999448,0.45976075530052185
2024,2,2023,32,0.27619252260774374,0.4550478011369705
2024,2,2023,33,0.2735394313931465,0.45032021403312683
2024,2,2023,34,0.27083550207316875,0.4455951154232025
2024,2,2023,35,0.26810648711398244,0.4408520758152008
2024,2,2023,36,0.2653524070046842,0.43607692420482635
2024,2,2023,37,0.2625651890411973,0.4312790036201477
2024,2,2023,38,0.25974741438403726,0.42648428678512573
2024,2,2023,39,0.25691834557801485,0.4217322766780853
2024,2,2023,40,0.2541126972064376,0.4170708805322647
2024,2,2023,41,0.25137041648849845,0.41253861784935
2024,2,2023,42,0.24870915478095412,0.408156156539917
2024,2,2023,43,0.2461157301440835,0.4039517492055893
2024,2,2023,44,0.24360428657382727,0.39994703233242035
2024,2,2023,45,0.2412320920266211,0.39613159000873566
2024,2,2023,46,0.23904487770050764,0.39250725507736206
2024,2,2023,47,0.2370465500280261,0.389121949672699
2024,2,2023,48,0.23519600508734584,0.38603954017162323
2024,2,2023,49,0.23342073149979115,0.38328222930431366
2024,2,2023,50,0.23164462065324187,0.3807913213968277
2024,2,2023,51,0.22991116996854544,0.37846361100673676
2024,2,2023,52,0.22841260209679604,0.3761643022298813
2024,2,2023,53,0.22740591829642653,0.3737003803253174
2024,2,2023,54,0.22619896521791816,0.37051472067832947
2024,2,2023,55,0.22392145497724414,0.3695007264614105
2024,2,2023,56,0.22174870548769832,0.36823609471321106
2024,2,2023,57,0.21973459934815764,0.36557501554489136
2024,2,2023,58,0.21872625220566988,0.36329708993434906
2024,2,2023,59,0.21841814741492271,0.3647530972957611
2024,2,2023,60,0.21926734829321504,0.3632396161556244
2024,2,2023,61,0.22182356612756848,0.35927072167396545
2024,2,2023,62,0.34554416919127107,0.43503379821777344
2024,2,2023,63,0.286899846047163,0.40992283821105957
2024,2,2023,64,0.27050010906532407,0.41956184804439545
2024,2,2023,65,0.26505416026338935,0.3799252063035965
2024,2,2023,66,0.26330489898100495,0.378798708319664
2024,2,2023,67,0.25490673910826445,0.38078877329826355
2024,2,2023,68,0.23652856796979904,0.366999551653862
2024,2,2023,69,0.22851096326485276,0.3663553148508072
2024,2,2023,70,0.22316427528858185,0.3651546239852905
2024,2,2023,71,0.2205425831489265,0.3639398217201233
2024,2,2023,72,0.2193900696001947,0.36107468605041504
2024,2,2023,73,0.21753933001309633,0.3576049506664276
2024,2,2023,74,0.21510510798543692,0.35700778663158417
2024,2,2023,75,0.21389901172369719,0.355764240026474
2024,2,2023,76,0.21253599412739277,0.3542352169752121
2024,2,2023,77,0.2112916549667716,0.35341641306877136
2024,2,2023,78,0.21036957553587854,0.3520987629890442
2024,2,2023,79,0.20936693460680544,0.3506055474281311
2024,2,2023,80,0.20825954107567668,0.34973669052124023
2024,2,2023,81,0.20742568164132535,0.3488069027662277
2024,2,2023,82,0.20660743885673583,0.34759998321533203
2024,2,2023,83,0.20570434164255857,0.34669674932956696
2024,2,2023,84,0.20490741590037942,0.3459148406982422
2024,2,2023,85,0.20419984264299273,0.3449460417032242
2024,2,2023,86,0.20344633096829057,0.3439846634864807
2024,2,2023,87,0.20267230831086636,0.3431883454322815
2024,2,2023,88,0.20199628546833992,0.3423610329627991
2024,2,2023,89,0.20135732274502516,0.34148232638835907
2024,2,2023,90,0.20067784190177917,0.3406547009944916
2024,2,2023,91,0.20000134408473969,0.3398624062538147
2024,2,2023,92,0.19938497338443995,0.33904050290584564
2024,2,2023,93,0.1987867010757327,0.33822859823703766
2024,2,2023,94,0.1981692253611982,0.3374629020690918
2024,2,2023,95,0.19755693851038814,0.336690291762352
2024,2,2023,96,0.19697538809850812,0.33586953580379486
2024,2,2023,97,0.19640072202309966,0.3350507616996765
2024,2,2023,98,0.19581509288400412,0.3342970460653305
2024,2,2023,99,0.19523920118808746,0.33355604112148285
2024,2,2023,100,0.19469213509000838,0.33274155855178833
2024,2,2023,101,0.19414881779812276,0.3318761885166168
2024,2,2023,102,0.19358666380867362,0.33107568323612213
2024,2,2023,103,0.19302494497969747,0.3303784281015396
2024,2,2023,104,0.192511226516217,0.32961228489875793
2024,2,2023,105,0.19202197110280395,0.3287128657102585
2024,2,2023,106,0.19150356040336192,0.32774582505226135
2024,2,2023,107,0.19093145243823528,0.32700447738170624
2024,2,2023,108,0.19043538556434214,0.3264584243297577
2024,2,2023,109,0.19009518390521407,0.3257158249616623
2024,2,2023,110,0.18982191709801555,0.32475484907627106
2024,2,2023,111,0.1894067134708166,0.32352177798748016
2024,2,2023,112,0.18870039097964764,0.3227253705263138
2024,2,2023,113,0.18826150754466653,0.3226971924304962
2024,2,2023,114,0.1883696534205228,0.32220982015132904
2024,2,2023,115,0.18887496716342866,0.3214896321296692
2024,2,2023,116,0.18969496712088585,0.32009337842464447
2024,2,2023,117,0.18858280219137669,0.31836727261543274
2024,2,2023,118,0.18734210287220776,0.31839942932128906
2024,2,2023,119,0.18762389803305268,0.32038217782974243
2024,2,2023,120,0.1908507887274027,0.3202226608991623
2024,2,2023,121,0.19129968713968992,0.3185080513358116
2024,2,2023,122,0.19102576794102788,0.3147849440574646
2024,2,2023,123,0.18647536053322256,0.31530211865901947
2024,2,2023,124,0.18668716098181903,0.327600434422493
2024,2,2023,125,0.1939605912193656,0.3281075209379196
2024,2,2023,126,0.1950443470850587,0.3163378983736038
2024,2,2023,127,0.1866969692055136,0.31484873592853546
2024,2,2023,128,0.19787042494863272,0.3406428098678589
2024,2,2023,129,0.20239646453410387,0.33109620213508606
2024,2,2023,130,0.1950939311645925,0.33678069710731506
2024,2,2023,131,0.20489348471164703,0.343950480222702
2024,2,2023,132,0.20450581703335047,0.3273441940546036
2024,2,2023,133,0.19534445297904313,0.3112120181322098
2024,2,2023,134,0.18706679996103048,0.3096567988395691
2024,2,2023,135,0.1814438747242093,0.3065938726067543
2024,2,2023,136,0.17987409699708223,0.3066561818122864
2024,2,2023,137,0.17708572279661894,0.3077787607908249
2024,2,2023,138,0.17600054387003183,0.3080432713031769
2024,2,2023,139,0.1757436904590577,0.30761994421482086
2024,2,2023,140,0.17664220742881298,0.3076546937227249
2024,2,2023,141,0.17697866866365075,0.30621442943811417
2024,2,2023,142,0.17492588749155402,0.3046925589442253
2024,2,2023,143,0.17294498113915324,0.30398106575012207
2024,2,2023,144,0.17174771917052567,0.30313539505004883
2024,2,2023,145,0.17134388536214828,0.3030572086572647
2024,2,2023,146,0.1716021508909762,0.30332137644290924
2024,2,2023,147,0.17188821267336607,0.3033500388264656
2024,2,2023,148,0.17156595783308148,0.30287112295627594
2024,2,2023,149,0.17094522318802774,0.30208703875541687
2024,2,2023,150,0.17028005956672132,0.30082038044929504
2024,2,2023,151,0.1692602075636387,0.2999793291091919
2024,2,2023,152,0.1679300838150084,0.30005723237991333
2024,2,2023,153,0.16689960123039782,0.2999444156885147
2024,2,2023,154,0.16620434797368944,0.2989639416337013
2024,2,2023,155,0.16564072109758854,0.29809778928756714
2024,2,2023,156,0.16557450592517853,0.29809609800577164
2024,2,2023,157,0.1663145690690726,0.30048932135105133
2024,2,2023,158,0.16781678586266935,0.3035038262605667
2024,2,2023,159,0.16809002636000514,0.30358146131038666
2024,2,2023,160,0.1680253476370126,0.30821502953767776
2024,2,2023,161,0.1732447650283575,0.31525707989931107
2024,2,2023,162,0.18086553318426013,0.31026801466941833
2024,2,2023,163,0.18247436778619885,0.31052377820014954
2024,2,2023,164,0.17718285880982876,0.3075842931866646
2024,2,2023,165,0.17025172570720315,0.3255348205566406
2024,2,2023,166,0.18169033247977495,0.3192024603486061
2024,2,2023,167,0.17644329462200403,0.3193594440817833
2024,2,2023,168,0.1784847939852625,0.3000194728374481
2024,2,2023,169,0.17386811040341854,0.2957255691289902
2024,2,2023,170,0.16423263517208397,0.31207459419965744
2024,2,2023,171,0.1656752077396959,0.29637300968170166
2024,2,2023,172,0.16232188511639833,0.29565317928791046
2024,2,2023,173,0.16130673373118043,0.3000399321317673
2024,2,2023,174,0.1616754257120192,0.2950432375073433
2024,2,2023,175,0.15963925165124238,0.29864756762981415
2024,2,2023,176,0.1579701821319759,0.30055906623601913
2024,2,2023,177,0.1578302786219865,0.29846780002117157
2024,2,2023,178,0.15733669651672244,0.298002727329731
2024,2,2023,179,0.15784077905118465,0.3030675947666168
2024,2,2023,180,0.15705381147563457,0.3044721260666847
2024,2,2023,181,0.15821640891954303,0.30315934121608734
2024,2,2023,182,0.16137227602303028,0.2969379276037216
2024,2,2023,183,0.15875026513822377,0.3035723716020584
2024,2,2023,184,0.15720440121367574,0.3067280352115631
2024,2,2023,185,0.15940004214644432,0.3078158348798752
2024,2,2023,186,0.16014023264870048,0.30363620072603226
2024,2,2023,187,0.16058182902634144,0.29990731179714203
2024,2,2023,188,0.16228089248761535,0.30134572833776474
2024,2,2023,189,0.16324695898219943,0.3052133098244667
2024,2,2023,190,0.15695123048499227,0.31268611550331116
2024,2,2023,191,0.15957185626029968,0.30345888435840607
2024,2,2023,192,0.15805454645305872,0.29465293139219284
2024,2,2023,193,0.1565592756960541,0.3056678920984268
2024,2,2023,194,0.15405816351994872,0.30492381006479263
2024,2,2023,195,0.15437001874670386,0.30495115369558334
2024,2,2023,196,0.15537844272330403,0.29695598781108856
2024,2,2023,197,0.15312269027344882,0.30507975071668625
2024,2,2023,198,0.1605459675192833,0.3023846670985222
2024,2,2023,199,0.15585456136614084,0.3109722435474396
2024,2,2023,200,0.15195424389094114,0.30069950222969055
2024,2,2023,201,0.15282164234668016,0.29830989241600037
2024,2,2023,202,0.15074809198267758,0.2957974150776863
2024,2,2023,203,0.15198490722104907,0.3094872981309891
2024,2,2023,204,0.15452223434112966,0.30743394792079926
2024,2,2023,205,0.1587853783275932,0.3224779888987541
2024,2,2023,206,0.1624115933664143,0.31470105051994324
2024,2,2023,207,0.15915968851186335,0.3063599616289139
2024,2,2023,208,0.1549926637671888,0.3070991337299347
2024,2,2023,209,0.15575796412304044,0.3138278126716614
2024,2,2023,210,0.155100833857432,0.31112806499004364
2024,2,2023,211,0.15611775335855782,0.3038409873843193
2024,2,2023,212,0.15554195502772927,0.30135229229927063
2024,3,2024,1,0.9715637440482775,0.7640722095966339
2024,3,2024,2,0.442570557196935,0.6560771763324738
2024,3,2024,3,0.3951238799426291,0.5812177956104279
2024,3,2024,4,0.3637423871292008,0.5796530544757843
2024,3,2024,5,0.36001856956217027,0.5694475173950195
2024,3,2024,6,0.3549402356147766,0.5584802329540253
2024,3,2024,7,0.348215920643674,0.5568280816078186
2024,3,2024,8,0.3451052039033837,0.5539402663707733
2024,3,2024,9,0.3429819933242268,0.5514383614063263
2024,3,2024,10,0.34020936240752536,0.5484824776649475
2024,3,2024,11,0.3372536235385471,0.5455767810344696
2024,3,2024,12,0.3344276390141911,0.5429893136024475
2024,3,2024,13,0.3317180433207088,0.5404665470123291
2024,3,2024,14,0.3290100225971805,0.5379354059696198
2024,3,2024,15,0.3262410842710071,0.5354428291320801
2024,3,2024,16,0.3234033476975229,0.5330226421356201
2024,3,2024,17,0.3205050627390544,0.5306874811649323
2024,3,2024,18,0.31755831258164513,0.5284297168254852
2024,3,2024,19,0.31456950224108166,0.5262423157691956
2024,3,2024,20,0.31153754600220257,0.5241063684225082
2024,3,2024,21,0.30845127751429874,0.5219894200563431
2024,3,2024,22,0.30529192338387173,0.5198344439268112
2024,3,2024,23,0.30204107198450303,0.5175587832927704
2024,3,2024,24,0.2986900429758761,0.515062540769577
2024,3,2024,25,0.2952435198757384,0.5122445523738861
2024,3,2024,26,0.2917165896958775,0.5090237706899643
2024,3,2024,27,0.28812943233384025,0.5053707659244537
2024,3,2024,28,0.2845058850944042,0.5013485699892044
2024,3,2024,29,0.28089694471822846,0.49711647629737854
2024,3,2024,30,0.2774707277615865,0.49276353418827057
2024,3,2024,31,0.2745131370094087,0.4883028119802475
2024,3,2024,32,0.27173295534319347,0.48384639620780945
2024,3,2024,33,0.268414714684089,0.4792022705078125
2024,3,2024,34,0.26495196918646496,0.47630053758621216
2024,3,2024,35,0.261828922563129,0.47355829179286957
2024,3,2024,36,0.25911959922975963,0.4702324867248535
2024,3,2024,37,0.2566220329867469,0.4667896330356598
2024,3,2024,38,0.25433061975571847,0.4633750915527344
2024,3,2024,39,0.2521728177865346,0.4627651125192642
2024,3,2024,40,0.25047551343838376,0.46103763580322266
2024,3,2024,41,0.24895836412906647,0.4620330035686493
2024,3,2024,42,0.24667129582828945,0.4479420632123947
2024,3,2024,43,0.24429592490196228,0.4514727145433426
2024,3,2024,44,0.24516968718833393,0.47020891308784485
2024,3,2024,45,0.2427459317776892,0.4628370404243469
2024,3,2024,46,0.24414300421873728,0.4577375054359436
2024,3,2024,47,0.24148759494225183,0.4399532228708267
2024,3,2024,48,0.2407166568769349,0.4467576742172241
2024,3,2024,49,0.23778679387436974,0.4368300139904022
2024,3,2024,50,0.23452239318026435,0.4638202339410782
2024,3,2024,51,0.23494273382756445,0.4576593041419983
2024,3,2024,52,0.23570838984515932,0.4753376543521881
2024,3,2024,53,0.23529289993974897,0.4723072648048401
2024,3,2024,54,0.2323855273425579,0.4488670974969864
2024,3,2024,55,0.22841905471351412,0.4390168935060501
2024,3,2024,56,0.22659798339009285,0.4388653486967087
2024,3,2024,57,0.22544118306703037,0.4439994990825653
2024,3,2024,58,0.22477442315883106,0.45101869106292725
2024,3,2024,59,0.22463909122678968,0.45159557461738586
2024,3,2024,60,0.22435452499323422,0.44684088230133057
2024,3,2024,61,0.2238213817278544,0.4411301910877228
2024,3,2024,62,0.22327261542280516,0.43645036220550537
2024,3,2024,63,0.2227886397805479,0.4377400875091553
2024,3,2024,64,0.22222061455249786,0.43221908807754517
2024,3,2024,65,0.22082182889183363,0.4423093944787979
2024,3,2024,66,0.21951981178588337,0.42192442715168
2024,3,2024,67,0.21738846765624154,0.4545928090810776
2024,3,2024,68,0.21633074080778492,0.4389183074235916
2024,3,2024,69,0.2162622877707084,0.46415211260318756
2024,3,2024,70,0.21693797326750225,0.4475417584180832
2024,3,2024,71,0.21711133896476692,0.4712775945663452
2024,3,2024,72,0.21428404189646244,0.4432583600282669
2024,3,2024,73,0.21402639812893337,0.4512046277523041
2024,3,2024,74,0.21200458870993721,0.4627787172794342
2024,3,2024,75,0.21490362327959803,0.49061377346515656
2024,3,2024,76,0.213167871038119,0.47275835275650024
2024,3,2024,77,0.21264173628555405,0.4503524601459503
2024,3,2024,78,0.2104255316985978,0.455835685133934
2024,3,2024,79,0.20882400766842896,0.4503892511129379
2024,3,2024,80,0.2062726060135497,0.44179128110408783
2024,3,2024,81,0.20449449328912628,0.43928849697113037
2024,3,2024,82,0.20305067383580738,0.4472775161266327
2024,3,2024,83,0.20220058121614987,0.4533501863479614
2024,3,2024,84,0.20179703438447583,0.4713471233844757
2024,3,2024,85,0.2017554653187593,0.4806692451238632
2024,3,2024,86,0.20245439559221268,0.47879044711589813
