seed,outer_fold,test_year,inference_time,train_time
42,1,2022,0.007490634918212891,11.022216558456421
42,2,2023,0.012823343276977539,9.671921014785767
42,3,2024,0.0061266422271728516,20.04065179824829
123,1,2022,0.00910806655883789,13.655776262283325
123,2,2023,0.00785684585571289,19.995450496673584
123,3,2024,0.0044269561767578125,20.055244207382202
2024,1,2022,0.008422374725341797,6.608749866485596
2024,2,2023,0.009278059005737305,12.80727744102478
2024,3,2024,0.012878179550170898,14.691045999526978
