trial,seed,fold,rmse,error_mean,error_std
0,42,0,0.5673836529146099,0.20016470551490784,0.5309032797813416
0,42,1,0.35453884353676324,-0.01632804609835148,0.35416263341903687
0,42,2,0.33575329054869574,0.026789670810103416,0.334682822227478
1,42,0,0.8818289079523253,0.5791743397712708,0.6649656295776367
1,42,1,0.4035822131154306,0.09802833199501038,0.3914959132671356
1,42,2,0.4621129807293667,0.15881963074207306,0.43396398425102234
2,42,0,0.5688230582882484,0.11911182105541229,0.5562122464179993
2,42,1,0.42128606590934886,0.2061057686805725,0.36742669343948364
2,42,2,0.4980125864230836,-0.039408013224601746,0.49645093083381653
3,42,0,0.606821923021961,0.170514315366745,0.5823724865913391
3,42,1,0.3923035985530245,-0.04732470586895943,0.3894386887550354
3,42,2,0.3908099118306709,0.09468547999858856,0.37916624546051025
4,42,0,0.6665502511145116,0.2161644548177719,0.6305252909660339
4,42,1,0.42783755098816767,-0.06164109334349632,0.4233737885951996
4,42,2,0.5068797715476363,0.20046654343605042,0.46555373072624207
5,42,0,0.6502470253169075,0.2439492642879486,0.6027519702911377
5,42,1,0.38711843162435705,-0.03148825466632843,0.3858356773853302
5,42,2,0.36523829167351807,0.019657166674733162,0.36470893025398254
6,42,0,0.5657467653078394,0.2049250602722168,0.5273283123970032
6,42,1,0.3388209792411197,-0.027782894670963287,0.33767998218536377
6,42,2,0.3572993250805523,0.0009637651965022087,0.35729801654815674
7,42,0,0.6794716503244749,0.14181748032569885,0.6645070314407349
7,42,1,0.39428115698511024,0.02968718484044075,0.39316195249557495
7,42,2,0.43094897198915716,0.0981101393699646,0.4196324646472931
8,42,0,0.7382117344659723,0.3846145570278168,0.63010174036026
8,42,1,0.37526407480497437,-0.03576962649822235,0.373555451631546
8,42,2,0.3856749850294828,0.03568031266331673,0.38402098417282104
9,42,0,0.5631774425749457,0.23948167264461517,0.5097228288650513
9,42,1,0.3779687195959627,-0.17174023389816284,0.33669814467430115
9,42,2,0.3849717764293818,-0.06323155760765076,0.379743367433548
10,42,0,0.646269909646092,0.26447319984436035,0.5896767973899841
10,42,1,0.40810097324280525,-0.17731356620788574,0.36756807565689087
10,42,2,0.3643156522181573,-0.03634509816765785,0.3624981939792633
11,42,0,0.6126228734765451,0.22480161488056183,0.5698869228363037
11,42,1,0.3417864443686062,0.0542990006506443,0.3374456763267517
11,42,2,0.3569506264104662,0.06645602732896805,0.3507097661495209
12,42,0,0.6852473286517854,0.46863698959350586,0.49994322657585144
12,42,1,0.381350352415745,-0.028158653527498245,0.3803093433380127
12,42,2,0.34957696988259307,0.07051153481006622,0.34239184856414795
13,42,0,0.5712286762372853,0.1886524111032486,0.5391775965690613
13,42,1,0.3960428833512198,-0.17090848088264465,0.3572677671909332
13,42,2,0.329801838831,-0.004531463608145714,0.3297707140445709
14,42,0,0.651322759345613,0.2800324857234955,0.5880503058433533
14,42,1,0.4625228032083819,-0.2697732150554657,0.3756990134716034
14,42,2,0.41613196595361074,-0.046592287719249725,0.4135153889656067
15,42,0,0.6095778298884633,0.1432795524597168,0.592499852180481
15,42,1,0.38990901179068166,0.10980889946222305,0.374127060174942
15,42,2,0.4010175309618052,0.15146775543689728,0.3713119626045227
16,42,0,0.5936779932228158,0.22184468805789948,0.5506709218025208
16,42,1,0.3703927697532174,-0.029368655756115913,0.3692266047000885
16,42,2,0.33265368518405003,0.026578405871987343,0.3315902054309845
17,42,0,0.5899712633149818,-0.08147268742322922,0.5843186378479004
17,42,1,0.33489787228182616,0.08536767959594727,0.32383474707603455
17,42,2,0.37607735608024784,0.10628341883420944,0.36074647307395935
18,42,0,0.671677626961323,0.22610345482826233,0.6324777603149414
18,42,1,0.35747961192915967,-0.06100575253367424,0.35223567485809326
18,42,2,0.37990367998799435,-0.04491055756807327,0.37723976373672485
19,42,0,0.6130593985907771,0.17775270342826843,0.586724579334259
19,42,1,0.4560306060771831,-0.26522213220596313,0.37097325921058655
19,42,2,0.38549889726889264,-0.14481112360954285,0.35726621747016907
20,42,0,0.6065991585849871,0.1582036167383194,0.5856058597564697
20,42,1,0.4012732662752161,-0.06101888045668602,0.39660677313804626
20,42,2,0.3374098295272944,-0.052060697227716446,0.33336928486824036
21,42,0,0.5620292176970028,0.17813733220100403,0.5330515503883362
21,42,1,0.36817836986638414,-0.030508924275636673,0.3669121265411377
21,42,2,0.32511928460048545,0.031652290374040604,0.32357484102249146
22,42,0,0.582390411980339,0.20778264105319977,0.5440633893013
22,42,1,0.3687709794299671,-0.0645451545715332,0.3630784749984741
22,42,2,0.33908147934562805,0.04135339707136154,0.33655035495758057
23,42,0,0.573001973707984,0.22188588976860046,0.5282971858978271
23,42,1,0.37102118334740397,-0.03656831383705139,0.3692146837711334
23,42,2,0.3272783277773243,0.029044218361377716,0.3259870111942291
24,42,0,0.5764148781622619,0.22152523696422577,0.532147228717804
24,42,1,0.37020039692480816,-0.048183638602495193,0.3670513331890106
24,42,2,0.33925726038965287,0.042396266013383865,0.336597740650177
25,42,0,0.6659543632903407,0.322610467672348,0.582595705986023
25,42,1,0.3980267221067926,0.04839761555194855,0.3950733542442322
25,42,2,0.40070790071369206,0.08261808753013611,0.3920983076095581
26,42,0,0.6014572893756209,0.3186910152435303,0.5100851655006409
26,42,1,0.37607424569358916,0.09042519330978394,0.3650412857532501
26,42,2,0.3573746154892498,0.05975769832730293,0.35234305262565613
27,42,0,0.6228262770871235,0.2543382942676544,0.5685284733772278
27,42,1,0.325260545299414,0.0006007624324411154,0.3252599835395813
27,42,2,0.39086540453886687,0.14146500825881958,0.36436715722084045
28,42,0,0.5930689871480768,0.18795496225357056,0.5624977946281433
28,42,1,0.3636015228830787,-0.06670382618904114,0.357430636882782
28,42,2,0.3404968497491882,0.020825304090976715,0.33985939621925354
29,42,0,0.7247266648777249,0.383418470621109,0.6149951815605164
29,42,1,0.398612358020792,-0.12282998114824295,0.3792157769203186
29,42,2,0.416577850253568,-0.007149472367018461,0.41651651263237
0,123,0,0.5890005539517478,0.13012956082820892,0.5744457840919495
0,123,1,0.4048482663938066,-0.04032911732792854,0.40283453464508057
0,123,2,0.3490382916620249,0.11964070796966553,0.3278930187225342
1,123,0,0.5689650778671589,0.2383708953857422,0.5166242122650146
1,123,1,0.4025553544998603,-0.11455360054969788,0.3859122693538666
1,123,2,0.34275944999129954,-0.015496520325541496,0.3424089550971985
2,123,0,0.727906491478338,0.4051207900047302,0.6047520041465759
2,123,1,0.35586395930698805,0.03604377433657646,0.3540339171886444
2,123,2,0.4673645844912242,0.21790719032287598,0.4134562909603119
3,123,0,0.638438844310598,0.18753184378147125,0.6102753281593323
3,123,1,0.35694611784414515,0.008741045370697975,0.3568390905857086
3,123,2,0.38360748654882276,0.030488593503832817,0.3823939859867096
4,123,0,0.6968599950774431,0.4384695291519165,0.5416256189346313
4,123,1,0.36821627056987044,0.12305150181055069,0.3470469117164612
4,123,2,0.3813052770533588,0.1054929867386818,0.36642181873321533
5,123,0,0.6329760163586237,0.10090288519859314,0.6248817443847656
5,123,1,0.45024039152442186,0.23605096340179443,0.3834010362625122
5,123,2,0.37791762221838376,0.0533113069832325,0.3741385340690613
6,123,0,0.7922951980607078,0.39293718338012695,0.6879913806915283
6,123,1,0.40600031735966874,-0.04327692836523056,0.4036872386932373
6,123,2,0.3773607609549523,0.11300578713417053,0.36004284024238586
7,123,0,0.5868865147883902,0.13204334676265717,0.5718393921852112
7,123,1,0.32642249797812545,-0.06322098523378372,0.3202417194843292
7,123,2,0.345980269123752,0.003272551577538252,0.34596478939056396
8,123,0,0.6748128136947396,-0.07534889876842499,0.6705929040908813
8,123,1,0.4960243897498079,0.17143580317497253,0.4654567241668701
8,123,2,0.8573300740448009,0.684952437877655,0.5156112909317017
9,123,0,0.7023010088143538,0.37511277198791504,0.5937315225601196
9,123,1,0.39801053001980385,0.23253293335437775,0.32301828265190125
9,123,2,0.3717836692598599,0.043717700988054276,0.3692043721675873
10,123,0,0.7088610329016327,0.3766176700592041,0.6005356907844543
10,123,1,0.35282496432848376,-0.02616327814757824,0.3518535792827606
10,123,2,0.38183262035753435,0.06704524159431458,0.37590038776397705
11,123,0,0.6166072242242466,0.18208470940589905,0.5891091823577881
11,123,1,0.39470225112544666,0.07523190230131149,0.387466162443161
11,123,2,0.3713922404406137,0.0027445724699646235,0.37138208746910095
12,123,0,0.5841925259642593,0.21435856819152832,0.5434439182281494
12,123,1,0.3137487495443039,-0.018938438966870308,0.3131766617298126
12,123,2,0.3484583185588124,0.04042290523648262,0.34610575437545776
13,123,0,0.6374490212645645,0.2542734146118164,0.5845393538475037
13,123,1,0.3309219004022553,-0.05498431622982025,0.32632195949554443
13,123,2,0.3534528560658484,0.03741059824824333,0.35146746039390564
14,123,0,0.6479514035013445,0.19774118065834045,0.6170408725738525
14,123,1,0.35204461207387816,0.12161250412464142,0.3303722143173218
14,123,2,0.38955624285599105,-0.04219508916139603,0.38726428151130676
15,123,0,0.6243480620047958,0.09389974921941757,0.6172466278076172
15,123,1,0.3258708204089904,0.009129009209573269,0.3257429301738739
15,123,2,0.4237367733716917,0.12082404643297195,0.40614578127861023
16,123,0,0.648540006141812,0.24443937838077545,0.6007108688354492
16,123,1,0.3236667115731671,-0.028668973594903946,0.3223945200443268
16,123,2,0.3578073268000014,0.02808981202542782,0.3567030131816864
17,123,0,0.7035491935350693,0.23774728178977966,0.6621614098548889
17,123,1,0.3326214985503696,0.05121973156929016,0.3286542296409607
17,123,2,0.3730568609848404,0.1011042520403862,0.3590952157974243
18,123,0,0.6711324092223666,0.10021526366472244,0.6636079549789429
18,123,1,0.4375369022337511,-0.18442600965499878,0.3967689275741577
18,123,2,0.40368034051221185,-0.0007452645222656429,0.40367966890335083
19,123,0,0.720741043540622,0.3868199288845062,0.6081430315971375
19,123,1,0.37071751043065354,0.06793805956840515,0.3644391596317291
19,123,2,0.3894312738622779,0.0742817148566246,0.38228121399879456
20,123,0,0.6639419446234612,0.3763107657432556,0.5470001101493835
20,123,1,0.31779148493691106,0.0336855910718441,0.31600111722946167
20,123,2,0.3512005850456585,-0.0069214277900755405,0.3511323928833008
21,123,0,0.5681822720439138,0.2131366729736328,0.5266914367675781
21,123,1,0.3816654575979802,-0.11750994622707367,0.3631252348423004
21,123,2,0.33111690960508744,0.005371246952563524,0.3310733437538147
22,123,0,0.5773904102760572,0.20433485507965088,0.5400249361991882
22,123,1,0.40515265445901255,-0.1465315818786621,0.377726286649704
22,123,2,0.3337917999637464,0.07291414588689804,0.32573074102401733
23,123,0,0.5600792399610973,0.17259764671325684,0.5328215956687927
23,123,1,0.3686336285217379,-0.05176016315817833,0.3649817109107971
23,123,2,0.3239041606138258,0.020057760179042816,0.32328253984451294
24,123,0,0.5905761971065647,0.187106192111969,0.5601531267166138
24,123,1,0.30833008523896993,-0.02326255850493908,0.3074512779712677
24,123,2,0.3335426599657342,0.04011523351073265,0.3311215341091156
25,123,0,0.591891769002446,0.20369499921798706,0.5557375550270081
25,123,1,0.36822363576372796,-0.046896059066057205,0.3652251064777374
25,123,2,0.33089750491305703,0.024295348674058914,0.33000436425209045
26,123,0,0.6111162689983524,0.22971351444721222,0.5662992000579834
26,123,1,0.3307535495430632,-0.00764791714027524,0.33066511154174805
26,123,2,0.3430690523127522,0.036009371280670166,0.34117400646209717
27,123,0,0.5912020120239992,0.22437714040279388,0.5469686388969421
27,123,1,0.3657638058093874,-0.05648813769221306,0.36137548089027405
27,123,2,0.32745035388529575,0.03551090508699417,0.3255191445350647
28,123,0,0.6111738113788102,0.20972996950149536,0.5740616321563721
28,123,1,0.34090201811244863,-0.02361617237329483,0.3400830328464508
28,123,2,0.37079580292111314,-0.011289459653198719,0.370623916387558
29,123,0,0.668507854794996,0.35646677017211914,0.5655388832092285
29,123,1,0.3992311203266201,-0.05823202803730965,0.394961416721344
29,123,2,0.36566507983812435,0.04070167988538742,0.36339277029037476
0,2024,0,0.7110651341822288,0.2718992829322815,0.6570269465446472
0,2024,1,0.39176943027752575,-0.02608218416571617,0.39090025424957275
0,2024,2,0.363352409694645,0.000770722923334688,0.36335158348083496
1,2024,0,0.6757772809391661,0.15365028381347656,0.6580778956413269
1,2024,1,0.4246737749802582,0.17688444256782532,0.3860825300216675
1,2024,2,0.40721596903023727,0.1307261735200882,0.3856624364852905
2,2024,0,0.6902894089352306,0.31813865900039673,0.612606942653656
2,2024,1,0.4547323460436822,-0.08370808511972427,0.446961373090744
2,2024,2,0.42656020558616997,0.030149051919579506,0.42549341917037964
3,2024,0,0.5911657159181228,0.3104582726955414,0.5030830502510071
3,2024,1,0.3325858701162975,-0.012598344124853611,0.33234715461730957
3,2024,2,0.38357046565536007,0.13556742668151855,0.35881441831588745
4,2024,0,0.7180533557475286,0.433321088552475,0.5725674629211426
4,2024,1,0.36911561669302406,0.16951501369476318,0.32788869738578796
4,2024,2,0.37676728564465817,0.11189595609903336,0.3597678244113922
5,2024,0,0.6553454750361756,0.1938748061656952,0.626011312007904
5,2024,1,0.5885321832978712,0.4387983977794647,0.39220669865608215
5,2024,2,0.414820337443063,-0.02394486404955387,0.4141286611557007
6,2024,0,0.6296306726451205,0.034939516335725784,0.6286605000495911
6,2024,1,0.36967123336023644,0.05873074382543564,0.36497607827186584
6,2024,2,0.3991084900227063,-0.0072109089232981205,0.39904332160949707
7,2024,0,0.6533725643503008,0.24988722801208496,0.6036986708641052
7,2024,1,0.3501084138502339,0.03248199447989464,0.3485983610153198
7,2024,2,0.3571485714795862,0.02636176533997059,0.3561743199825287
8,2024,0,0.5919030475113931,0.13290371000766754,0.5767892003059387
8,2024,1,0.37512504956309606,-0.048480596393346786,0.37197908759117126
8,2024,2,0.3963573045476884,0.13489986956119537,0.3726944327354431
9,2024,0,0.6739818010759713,0.2381390482187271,0.6305087804794312
9,2024,1,0.43668255050298016,0.1589890420436859,0.4067113697528839
9,2024,2,0.3927038001077943,-0.04196280613541603,0.39045536518096924
10,2024,0,0.6814437406985917,0.32323601841926575,0.5999033451080322
10,2024,1,0.35494984490740084,-0.023475749418139458,0.3541726768016815
10,2024,2,0.3956002021538803,0.07887960225343704,0.38765642046928406
11,2024,0,0.5537609367065587,0.15446758270263672,0.5317808985710144
11,2024,1,0.38521218889877906,-0.1386479288339615,0.3593955934047699
11,2024,2,0.4849095010384801,0.29906517267227173,0.38170304894447327
12,2024,0,0.6950686166358849,0.3189389109611511,0.6175745725631714
12,2024,1,0.3929900101054464,-0.11434752494096756,0.3759864270687103
12,2024,2,0.4366174208406153,0.19446386396884918,0.3909201920032501
13,2024,0,0.6414760426175387,0.14721991121768951,0.6243538856506348
13,2024,1,0.3533564256523499,-0.007338079623878002,0.3532802164554596
13,2024,2,0.39562246285660035,-0.07447178661823273,0.38854995369911194
14,2024,0,0.6277068648989527,0.2078857719898224,0.5922832489013672
14,2024,1,0.3279561675639986,-0.0766824409365654,0.31886523962020874
14,2024,2,0.3639581588077982,0.07129189372062683,0.35690754652023315
15,2024,0,0.6158054668211109,0.28064030408859253,0.5481399297714233
15,2024,1,0.3249266147290757,0.021412504836916924,0.32422029972076416
15,2024,2,0.3684890082077373,-0.021896222606301308,0.36783790588378906
16,2024,0,0.5822295292801436,0.1926015168428421,0.5494505167007446
16,2024,1,0.33186704277657386,-0.061389029026031494,0.32613974809646606
16,2024,2,0.34459774647190056,-0.042593859136104584,0.3419552147388458
17,2024,0,0.5436161216261703,0.15245604515075684,0.5218003988265991
17,2024,1,0.358759290428687,0.04769902676343918,0.35557425022125244
17,2024,2,0.42592931500279013,0.13770335912704468,0.4030553102493286
18,2024,0,0.5829570243349426,0.21670708060264587,0.5411810874938965
18,2024,1,0.3730470347778617,0.11739671230316162,0.3540933430194855
18,2024,2,0.41879842535112743,-0.18094854056835175,0.37769001722335815
19,2024,0,0.5254138813756718,0.084913469851017,0.5185069441795349
19,2024,1,0.36641618190554304,0.0788286030292511,0.35783636569976807
19,2024,2,0.4018064633567346,0.15692706406116486,0.36989501118659973
20,2024,0,0.7070283626265607,0.42853444814682007,0.5623587369918823
20,2024,1,0.38610328480376194,-0.04532025009393692,0.3834342658519745
20,2024,2,0.4190566264060218,-0.006544764619320631,0.41900551319122314
21,2024,0,0.49478862326505857,-0.09977640956640244,0.4846240282058716
21,2024,1,0.39326797908539285,-0.18514537811279297,0.34695950150489807
21,2024,2,0.41031514677543585,-0.09484164416790009,0.39920368790626526
22,2024,0,0.5541275583057994,-0.025492394343018532,0.5535408854484558
22,2024,1,0.3649945006870747,-0.006769070867449045,0.36493170261383057
22,2024,2,0.3964995207501049,0.13855578005313873,0.3715025782585144
23,2024,0,0.7448437590265964,0.4853389263153076,0.5650117993354797
23,2024,1,0.4454957350816811,0.26397445797920227,0.35886481404304504
23,2024,2,0.3972485886543319,-0.0393652580678463,0.39529335498809814
24,2024,0,0.5727174036698413,0.22822803258895874,0.5252782106399536
24,2024,1,0.39655284572239674,0.012761921621859074,0.39634743332862854
24,2024,2,0.4420863962681566,0.20484307408332825,0.3917648196220398
25,2024,0,0.6625176130508648,0.34615379571914673,0.5648956894874573
25,2024,1,0.3642459693599284,0.05241845175623894,0.3604544997215271
25,2024,2,0.34958045456253783,-0.048436976969242096,0.3462085723876953
26,2024,0,0.6333387329682842,0.2809462547302246,0.567615270614624
26,2024,1,0.43049069675778445,-0.16656512022018433,0.3969613313674927
26,2024,2,0.3635963181166041,-0.012943844310939312,0.3633658289909363
27,2024,0,0.8464866338892478,0.588499128818512,0.6084476113319397
27,2024,1,0.347571330468168,0.04824315384030342,0.34420695900917053
27,2024,2,0.36538650281993934,0.09584429115056992,0.3525920510292053
28,2024,0,0.5423401686347654,0.01692216284573078,0.5420761108398438
28,2024,1,0.36754412275899967,-0.12305694073438644,0.34633174538612366
28,2024,2,0.41081118292157054,0.12848564982414246,0.3902015686035156
29,2024,0,0.6371150275563787,0.29759642481803894,0.5633400082588196
29,2024,1,0.41627444244195305,-0.08284711837768555,0.40794703364372253
29,2024,2,0.3869847625423667,0.0027806307189166546,0.3869747817516327
